InstructorId,InstructorName,Email,Rank,DepartmentId
1,Omar Anderson,omar.anderson1@university.edu,Professor,36
2,Emma Thomas,emma.thomas2@university.edu,Associate Professor,39
3,Alice Brown,alice.brown3@university.edu,Professor,13
4,Lina Jackson,lina.jackson4@university.edu,Professor,16
5,Alice Anderson,alice.anderson5@university.edu,Associate Professor,33
6,David Brown,david.brown6@university.edu,Associate Professor,36
7,Sara Thomas,sara.thomas7@university.edu,Assistant Professor,10
8,John Thomas,john.thomas8@university.edu,Lecturer,1
9,David Anderson,david.anderson9@university.edu,Professor,36
10,Noor Jackson,noor.jackson10@university.edu,Professor,5
11,Michael Thomas,michael.thomas11@university.edu,Associate Professor,8
12,Daniel Brown,daniel.brown12@university.edu,Professor,8
13,John Jackson,john.jackson13@university.edu,Professor,25
14,Michael Johnson,michael.johnson14@university.edu,Professor,3
15,Sara Brown,sara.brown15@university.edu,Professor,34
16,Lina White,lina.white16@university.edu,Lecturer,22
17,Sara Taylor,sara.taylor17@university.edu,Assistant Professor,21
18,Noor Thomas,noor.thomas18@university.edu,Lecturer,25
19,Lina Johnson,lina.johnson19@university.edu,Lecturer,15
20,Noor Taylor,noor.taylor20@university.edu,Professor,35
21,Sara Brown,sara.brown21@university.edu,Lecturer,27
22,David Anderson,david.anderson22@university.edu,Associate Professor,29
23,Sara Thomas,sara.thomas23@university.edu,Associate Professor,9
24,Lina Anderson,lina.anderson24@university.edu,Professor,13
25,Sara Jackson,sara.jackson25@university.edu,Associate Professor,32
26,Omar Brown,omar.brown26@university.edu,Assistant Professor,4
27,John Anderson,john.anderson27@university.edu,Professor,19
28,Sara Jackson,sara.jackson28@university.edu,Lecturer,9
29,Michael Taylor,michael.taylor29@university.edu,Professor,30
30,Sara Thomas,sara.thomas30@university.edu,Assistant Professor,28
31,Daniel White,daniel.white31@university.edu,Assistant Professor,1
32,Sara Smith,sara.smith32@university.edu,Lecturer,10
33,Sara Smith,sara.smith33@university.edu,Professor,8
34,John Thomas,john.thomas34@university.edu,Assistant Professor,27
35,Omar Johnson,omar.johnson35@university.edu,Associate Professor,34
36,Emma Anderson,emma.anderson36@university.edu,Associate Professor,35
37,Michael Brown,michael.brown37@university.edu,Assistant Professor,21
38,Noor Smith,noor.smith38@university.edu,Assistant Professor,27
39,Daniel Smith,daniel.smith39@university.edu,Assistant Professor,6
40,Alice Anderson,alice.anderson40@university.edu,Lecturer,22
41,Michael Johnson,michael.johnson41@university.edu,Assistant Professor,7
42,Daniel Brown,daniel.brown42@university.edu,Associate Professor,22
43,Sara Thomas,sara.thomas43@university.edu,Professor,14
44,Sara White,sara.white44@university.edu,Lecturer,14
45,Omar Johnson,omar.johnson45@university.edu,Professor,4
46,John Brown,john.brown46@university.edu,Associate Professor,7
47,Emma Jackson,emma.jackson47@university.edu,Professor,34
48,Alice Taylor,alice.taylor48@university.edu,Assistant Professor,25
49,Michael Jackson,michael.jackson49@university.edu,Assistant Professor,37
50,Alice Taylor,alice.taylor50@university.edu,Professor,14
51,Emma Taylor,emma.taylor51@university.edu,Assistant Professor,2
52,Sara Brown,sara.brown52@university.edu,Professor,28
53,John White,john.white53@university.edu,Associate Professor,8
54,Omar Brown,omar.brown54@university.edu,Assistant Professor,28
55,John Johnson,john.johnson55@university.edu,Assistant Professor,36
56,Alice Smith,alice.smith56@university.edu,Professor,35
57,Lina Anderson,lina.anderson57@university.edu,Associate Professor,40
58,Noor Thomas,noor.thomas58@university.edu,Assistant Professor,29
59,Daniel White,daniel.white59@university.edu,Assistant Professor,25
60,Sara Brown,sara.brown60@university.edu,Associate Professor,39
61,Lina Johnson,lina.johnson61@university.edu,Professor,30
62,Daniel Brown,daniel.brown62@university.edu,Professor,37
63,John Thomas,john.thomas63@university.edu,Assistant Professor,34
64,Omar Anderson,omar.anderson64@university.edu,Associate Professor,12
65,Emma White,emma.white65@university.edu,Assistant Professor,36
66,Emma Johnson,emma.johnson66@university.edu,Professor,15
67,Emma Anderson,emma.anderson67@university.edu,Professor,2
68,Sara Smith,sara.smith68@university.edu,Lecturer,35
69,John Johnson,john.johnson69@university.edu,Professor,28
70,Alice Brown,alice.brown70@university.edu,Professor,37
71,Sara Jackson,sara.jackson71@university.edu,Associate Professor,4
72,Sara White,sara.white72@university.edu,Professor,29
73,Omar White,omar.white73@university.edu,Professor,15
74,Daniel Anderson,daniel.anderson74@university.edu,Assistant Professor,31
75,Sara Jackson,sara.jackson75@university.edu,Assistant Professor,37
76,Daniel Taylor,daniel.taylor76@university.edu,Assistant Professor,26
77,Noor Anderson,noor.anderson77@university.edu,Associate Professor,21
78,Lina White,lina.white78@university.edu,Lecturer,21
79,David Brown,david.brown79@university.edu,Lecturer,16
80,Daniel Smith,daniel.smith80@university.edu,Associate Professor,40
81,John White,john.white81@university.edu,Professor,16
82,Sara Smith,sara.smith82@university.edu,Professor,1
83,Emma Brown,emma.brown83@university.edu,Associate Professor,16
84,John Anderson,john.anderson84@university.edu,Lecturer,32
85,Lina Brown,lina.brown85@university.edu,Associate Professor,2
86,Daniel Johnson,daniel.johnson86@university.edu,Associate Professor,1
87,Michael Smith,michael.smith87@university.edu,Professor,25
88,Emma White,emma.white88@university.edu,Lecturer,36
89,Noor Taylor,noor.taylor89@university.edu,Lecturer,27
90,Michael Jackson,michael.jackson90@university.edu,Associate Professor,7
91,Noor Taylor,noor.taylor91@university.edu,Professor,39
92,Omar White,omar.white92@university.edu,Associate Professor,27
93,Daniel Smith,daniel.smith93@university.edu,Professor,7
94,Daniel Johnson,daniel.johnson94@university.edu,Associate Professor,29
95,Emma Anderson,emma.anderson95@university.edu,Professor,37
96,John Anderson,john.anderson96@university.edu,Assistant Professor,5
97,Noor Thomas,noor.thomas97@university.edu,Assistant Professor,13
98,Omar Thomas,omar.thomas98@university.edu,Professor,2
99,David Taylor,david.taylor99@university.edu,Assistant Professor,18
100,Sara Thomas,sara.thomas100@university.edu,Assistant Professor,7
101,Lina White,lina.white101@university.edu,Lecturer,13
102,Emma Thomas,emma.thomas102@university.edu,Assistant Professor,40
103,John Anderson,john.anderson103@university.edu,Professor,39
104,John Johnson,john.johnson104@university.edu,Lecturer,7
105,Alice Johnson,alice.johnson105@university.edu,Assistant Professor,19
106,Alice Brown,alice.brown106@university.edu,Professor,39
107,Sara Anderson,sara.anderson107@university.edu,Professor,34
108,Alice Jackson,alice.jackson108@university.edu,Associate Professor,19
109,Omar Thomas,omar.thomas109@university.edu,Professor,7
110,John Taylor,john.taylor110@university.edu,Professor,30
111,Michael White,michael.white111@university.edu,Professor,28
112,Noor Johnson,noor.johnson112@university.edu,Associate Professor,29
113,Daniel Thomas,daniel.thomas113@university.edu,Associate Professor,26
114,Omar Jackson,omar.jackson114@university.edu,Associate Professor,26
115,Lina Anderson,lina.anderson115@university.edu,Lecturer,38
116,Sara Johnson,sara.johnson116@university.edu,Lecturer,40
117,Sara Taylor,sara.taylor117@university.edu,Lecturer,26
118,Alice Anderson,alice.anderson118@university.edu,Lecturer,12
119,John Smith,john.smith119@university.edu,Professor,19
120,Lina Thomas,lina.thomas120@university.edu,Professor,31
121,Alice White,alice.white121@university.edu,Associate Professor,33
122,Lina White,lina.white122@university.edu,Lecturer,21
123,Noor Jackson,noor.jackson123@university.edu,Lecturer,33
124,Sara Johnson,sara.johnson124@university.edu,Professor,34
125,Michael White,michael.white125@university.edu,Associate Professor,19
126,Noor Taylor,noor.taylor126@university.edu,Assistant Professor,13
127,David Thomas,david.thomas127@university.edu,Associate Professor,21
128,Omar Smith,omar.smith128@university.edu,Professor,8
129,Omar Jackson,omar.jackson129@university.edu,Lecturer,15
130,Daniel Johnson,daniel.johnson130@university.edu,Associate Professor,37
131,Sara White,sara.white131@university.edu,Professor,34
132,Omar Johnson,omar.johnson132@university.edu,Assistant Professor,35
133,David Anderson,david.anderson133@university.edu,Professor,33
134,Noor Brown,noor.brown134@university.edu,Associate Professor,19
135,Alice Johnson,alice.johnson135@university.edu,Lecturer,24
136,Daniel Taylor,daniel.taylor136@university.edu,Assistant Professor,12
137,Lina Taylor,lina.taylor137@university.edu,Lecturer,27
138,Omar Jackson,omar.jackson138@university.edu,Assistant Professor,38
139,Omar Brown,omar.brown139@university.edu,Assistant Professor,12
140,Lina White,lina.white140@university.edu,Lecturer,40
141,David Brown,david.brown141@university.edu,Lecturer,31
142,David Anderson,david.anderson142@university.edu,Professor,3
143,Noor Smith,noor.smith143@university.edu,Assistant Professor,28
144,John Brown,john.brown144@university.edu,Assistant Professor,24
145,Emma Jackson,emma.jackson145@university.edu,Associate Professor,27
146,Emma Taylor,emma.taylor146@university.edu,Assistant Professor,14
147,Alice Brown,alice.brown147@university.edu,Assistant Professor,31
148,Lina Jackson,lina.jackson148@university.edu,Professor,14
149,Alice White,alice.white149@university.edu,Lecturer,5
150,Sara Thomas,sara.thomas150@university.edu,Lecturer,13
151,John Taylor,john.taylor151@university.edu,Associate Professor,39
152,John Jackson,john.jackson152@university.edu,Assistant Professor,14
153,David Jackson,david.jackson153@university.edu,Lecturer,1
154,David Jackson,david.jackson154@university.edu,Associate Professor,28
155,David Smith,david.smith155@university.edu,Lecturer,37
156,John Anderson,john.anderson156@university.edu,Professor,32
157,Emma Brown,emma.brown157@university.edu,Assistant Professor,25
158,Michael Brown,michael.brown158@university.edu,Professor,33
159,Alice Thomas,alice.thomas159@university.edu,Professor,17
160,Lina Johnson,lina.johnson160@university.edu,Professor,33
161,Sara Jackson,sara.jackson161@university.edu,Lecturer,20
162,Emma White,emma.white162@university.edu,Associate Professor,23
163,Emma Thomas,emma.thomas163@university.edu,Professor,34
164,Daniel Taylor,daniel.taylor164@university.edu,Professor,27
165,Omar White,omar.white165@university.edu,Professor,38
166,John Anderson,john.anderson166@university.edu,Assistant Professor,28
167,Omar Taylor,omar.taylor167@university.edu,Professor,10
168,Emma Jackson,emma.jackson168@university.edu,Assistant Professor,38
169,Emma Johnson,emma.johnson169@university.edu,Associate Professor,19
170,Daniel Johnson,daniel.johnson170@university.edu,Professor,11
171,Omar Thomas,omar.thomas171@university.edu,Professor,14
172,Noor Anderson,noor.anderson172@university.edu,Professor,14
173,Alice Taylor,alice.taylor173@university.edu,Assistant Professor,36
174,John Smith,john.smith174@university.edu,Assistant Professor,8
175,Emma Taylor,emma.taylor175@university.edu,Assistant Professor,38
176,David Taylor,david.taylor176@university.edu,Professor,18
177,Daniel Johnson,daniel.johnson177@university.edu,Lecturer,28
178,Noor White,noor.white178@university.edu,Lecturer,36
179,Daniel Smith,daniel.smith179@university.edu,Lecturer,13
180,Emma Johnson,emma.johnson180@university.edu,Professor,4
181,Omar Taylor,omar.taylor181@university.edu,Professor,32
182,Lina Smith,lina.smith182@university.edu,Associate Professor,26
183,Daniel Smith,daniel.smith183@university.edu,Assistant Professor,30
184,Omar Johnson,omar.johnson184@university.edu,Associate Professor,31
185,Michael Johnson,michael.johnson185@university.edu,Assistant Professor,8
186,Noor Thomas,noor.thomas186@university.edu,Associate Professor,39
187,Noor Brown,noor.brown187@university.edu,Associate Professor,27
188,David Johnson,david.johnson188@university.edu,Lecturer,17
189,Noor Brown,noor.brown189@university.edu,Lecturer,30
190,Omar Jackson,omar.jackson190@university.edu,Lecturer,14
191,Daniel Jackson,daniel.jackson191@university.edu,Professor,23
192,Michael Brown,michael.brown192@university.edu,Professor,6
193,Omar Brown,omar.brown193@university.edu,Assistant Professor,35
194,Noor Jackson,noor.jackson194@university.edu,Assistant Professor,6
195,Sara Brown,sara.brown195@university.edu,Lecturer,27
196,Alice Thomas,alice.thomas196@university.edu,Professor,14
197,Emma White,emma.white197@university.edu,Lecturer,6
198,Alice White,alice.white198@university.edu,Assistant Professor,5
199,Lina White,lina.white199@university.edu,Associate Professor,8
200,David Johnson,david.johnson200@university.edu,Associate Professor,8
201,David Jackson,david.jackson201@university.edu,Professor,12
202,Noor Brown,noor.brown202@university.edu,Professor,22
203,Sara Anderson,sara.anderson203@university.edu,Assistant Professor,8
204,Omar Smith,omar.smith204@university.edu,Associate Professor,39
205,Michael Thomas,michael.thomas205@university.edu,Lecturer,17
206,Daniel Brown,daniel.brown206@university.edu,Professor,7
207,Lina Brown,lina.brown207@university.edu,Associate Professor,3
208,Omar Jackson,omar.jackson208@university.edu,Assistant Professor,36
209,Alice Brown,alice.brown209@university.edu,Professor,18
210,Michael Smith,michael.smith210@university.edu,Assistant Professor,30
211,Lina Johnson,lina.johnson211@university.edu,Associate Professor,19
212,Emma Anderson,emma.anderson212@university.edu,Assistant Professor,30
213,Daniel Anderson,daniel.anderson213@university.edu,Professor,19
214,Noor Thomas,noor.thomas214@university.edu,Professor,11
215,Emma Jackson,emma.jackson215@university.edu,Associate Professor,19
216,Alice Anderson,alice.anderson216@university.edu,Lecturer,14
217,Lina Jackson,lina.jackson217@university.edu,Professor,15
218,Daniel Smith,daniel.smith218@university.edu,Assistant Professor,22
219,John Brown,john.brown219@university.edu,Professor,9
220,David White,david.white220@university.edu,Professor,10
221,Michael Anderson,michael.anderson221@university.edu,Assistant Professor,28
222,John Smith,john.smith222@university.edu,Associate Professor,15
223,Omar Brown,omar.brown223@university.edu,Professor,18
224,John Taylor,john.taylor224@university.edu,Professor,27
225,Michael White,michael.white225@university.edu,Assistant Professor,17
226,Daniel Thomas,daniel.thomas226@university.edu,Assistant Professor,36
227,Omar Taylor,omar.taylor227@university.edu,Associate Professor,12
228,John Johnson,john.johnson228@university.edu,Lecturer,13
229,Noor Jackson,noor.jackson229@university.edu,Lecturer,9
230,Daniel White,daniel.white230@university.edu,Professor,19
231,Noor Brown,noor.brown231@university.edu,Professor,40
232,Sara Johnson,sara.johnson232@university.edu,Associate Professor,19
233,Emma White,emma.white233@university.edu,Assistant Professor,38
234,Alice Thomas,alice.thomas234@university.edu,Lecturer,11
235,David Taylor,david.taylor235@university.edu,Assistant Professor,12
236,Omar Jackson,omar.jackson236@university.edu,Assistant Professor,31
237,Sara Thomas,sara.thomas237@university.edu,Professor,1
238,Noor Smith,noor.smith238@university.edu,Lecturer,33
239,Sara Anderson,sara.anderson239@university.edu,Professor,24
240,Omar White,omar.white240@university.edu,Associate Professor,14
241,Michael Anderson,michael.anderson241@university.edu,Professor,11
242,David Thomas,david.thomas242@university.edu,Professor,10
243,David Taylor,david.taylor243@university.edu,Associate Professor,29
244,Daniel Thomas,daniel.thomas244@university.edu,Professor,12
245,Noor Brown,noor.brown245@university.edu,Assistant Professor,26
246,Noor Jackson,noor.jackson246@university.edu,Associate Professor,33
247,Lina White,lina.white247@university.edu,Assistant Professor,4
248,David Taylor,david.taylor248@university.edu,Assistant Professor,39
249,Michael White,michael.white249@university.edu,Lecturer,2
250,Alice Brown,alice.brown250@university.edu,Associate Professor,2
251,Lina Jackson,lina.jackson251@university.edu,Assistant Professor,39
252,Omar Jackson,omar.jackson252@university.edu,Associate Professor,40
253,Sara Jackson,sara.jackson253@university.edu,Lecturer,29
254,Noor Taylor,noor.taylor254@university.edu,Assistant Professor,40
255,Lina Taylor,lina.taylor255@university.edu,Assistant Professor,5
256,Lina White,lina.white256@university.edu,Associate Professor,4
257,Omar Smith,omar.smith257@university.edu,Associate Professor,38
258,Alice Jackson,alice.jackson258@university.edu,Lecturer,15
259,Lina Anderson,lina.anderson259@university.edu,Associate Professor,14
260,Michael Brown,michael.brown260@university.edu,Assistant Professor,31
261,Alice Anderson,alice.anderson261@university.edu,Professor,36
262,Michael Johnson,michael.johnson262@university.edu,Lecturer,18
263,Daniel Taylor,daniel.taylor263@university.edu,Lecturer,36
264,Emma Taylor,emma.taylor264@university.edu,Associate Professor,24
265,John White,john.white265@university.edu,Associate Professor,15
266,Emma White,emma.white266@university.edu,Professor,35
267,Omar Taylor,omar.taylor267@university.edu,Professor,30
268,John Taylor,john.taylor268@university.edu,Lecturer,13
269,Sara Johnson,sara.johnson269@university.edu,Professor,26
270,Omar Johnson,omar.johnson270@university.edu,Assistant Professor,3
271,Alice Jackson,alice.jackson271@university.edu,Assistant Professor,14
272,John Johnson,john.johnson272@university.edu,Professor,8
273,Emma Thomas,emma.thomas273@university.edu,Lecturer,13
274,Daniel Anderson,daniel.anderson274@university.edu,Assistant Professor,15
275,Noor Johnson,noor.johnson275@university.edu,Assistant Professor,6
276,Daniel Smith,daniel.smith276@university.edu,Associate Professor,22
277,Alice Johnson,alice.johnson277@university.edu,Lecturer,8
278,Michael Johnson,michael.johnson278@university.edu,Assistant Professor,9
279,Noor Johnson,noor.johnson279@university.edu,Professor,32
280,Daniel Anderson,daniel.anderson280@university.edu,Associate Professor,19
281,Lina Johnson,lina.johnson281@university.edu,Associate Professor,18
282,Daniel Jackson,daniel.jackson282@university.edu,Professor,2
283,Omar Anderson,omar.anderson283@university.edu,Assistant Professor,39
284,Emma Taylor,emma.taylor284@university.edu,Professor,11
285,Michael Anderson,michael.anderson285@university.edu,Assistant Professor,17
286,David Brown,david.brown286@university.edu,Assistant Professor,28
287,Alice Johnson,alice.johnson287@university.edu,Lecturer,18
288,Michael Thomas,michael.thomas288@university.edu,Professor,17
289,David Jackson,david.jackson289@university.edu,Professor,16
290,Michael Taylor,michael.taylor290@university.edu,Professor,21
291,Michael Jackson,michael.jackson291@university.edu,Associate Professor,33
292,Michael Brown,michael.brown292@university.edu,Associate Professor,32
293,Sara Brown,sara.brown293@university.edu,Professor,25
294,Sara Anderson,sara.anderson294@university.edu,Lecturer,13
295,Daniel Smith,daniel.smith295@university.edu,Assistant Professor,26
296,Alice Brown,alice.brown296@university.edu,Professor,37
297,Alice Brown,alice.brown297@university.edu,Associate Professor,25
298,Daniel White,daniel.white298@university.edu,Lecturer,36
299,Michael Jackson,michael.jackson299@university.edu,Professor,19
300,Omar Taylor,omar.taylor300@university.edu,Professor,22
301,Sara Thomas,sara.thomas301@university.edu,Associate Professor,1
302,Emma Thomas,emma.thomas302@university.edu,Assistant Professor,1
303,Omar Anderson,omar.anderson303@university.edu,Professor,25
304,Sara Johnson,sara.johnson304@university.edu,Lecturer,2
305,Michael Anderson,michael.anderson305@university.edu,Lecturer,6
306,Omar Smith,omar.smith306@university.edu,Lecturer,2
307,John Smith,john.smith307@university.edu,Assistant Professor,25
308,Daniel Taylor,daniel.taylor308@university.edu,Lecturer,6
309,Omar Anderson,omar.anderson309@university.edu,Assistant Professor,21
310,Daniel White,daniel.white310@university.edu,Assistant Professor,16
311,Alice Johnson,alice.johnson311@university.edu,Assistant Professor,28
312,Emma Taylor,emma.taylor312@university.edu,Lecturer,36
313,Daniel Brown,daniel.brown313@university.edu,Associate Professor,16
314,Noor Taylor,noor.taylor314@university.edu,Assistant Professor,10
315,Lina Brown,lina.brown315@university.edu,Associate Professor,20
316,Sara Johnson,sara.johnson316@university.edu,Lecturer,30
317,John Johnson,john.johnson317@university.edu,Associate Professor,17
318,Lina Brown,lina.brown318@university.edu,Assistant Professor,7
319,Emma White,emma.white319@university.edu,Professor,26
320,Omar Smith,omar.smith320@university.edu,Assistant Professor,9
321,Sara Jackson,sara.jackson321@university.edu,Lecturer,19
322,Omar Thomas,omar.thomas322@university.edu,Assistant Professor,11
323,Emma Thomas,emma.thomas323@university.edu,Lecturer,15
324,John Johnson,john.johnson324@university.edu,Lecturer,35
325,David Brown,david.brown325@university.edu,Professor,26
326,Emma Brown,emma.brown326@university.edu,Professor,38
327,Michael White,michael.white327@university.edu,Assistant Professor,5
328,Alice White,alice.white328@university.edu,Assistant Professor,24
329,Lina Brown,lina.brown329@university.edu,Associate Professor,30
330,Lina White,lina.white330@university.edu,Associate Professor,25
331,Michael Smith,michael.smith331@university.edu,Assistant Professor,2
332,Michael Anderson,michael.anderson332@university.edu,Lecturer,28
333,Omar Jackson,omar.jackson333@university.edu,Lecturer,10
334,Noor Anderson,noor.anderson334@university.edu,Associate Professor,37
335,Sara White,sara.white335@university.edu,Lecturer,14
336,Omar Anderson,omar.anderson336@university.edu,Professor,10
337,David Taylor,david.taylor337@university.edu,Assistant Professor,14
338,Emma Anderson,emma.anderson338@university.edu,Associate Professor,16
339,Noor Jackson,noor.jackson339@university.edu,Lecturer,4
340,Sara Smith,sara.smith340@university.edu,Associate Professor,27
341,Omar Brown,omar.brown341@university.edu,Assistant Professor,21
342,Omar Taylor,omar.taylor342@university.edu,Lecturer,16
343,Michael Anderson,michael.anderson343@university.edu,Lecturer,21
344,Alice Anderson,alice.anderson344@university.edu,Associate Professor,34
345,Lina Johnson,lina.johnson345@university.edu,Assistant Professor,14
346,Sara Thomas,sara.thomas346@university.edu,Lecturer,27
347,Sara Taylor,sara.taylor347@university.edu,Associate Professor,27
348,Noor Thomas,noor.thomas348@university.edu,Lecturer,9
349,Alice Thomas,alice.thomas349@university.edu,Associate Professor,17
350,Michael Johnson,michael.johnson350@university.edu,Associate Professor,19
351,David Brown,david.brown351@university.edu,Professor,13
352,Michael Taylor,michael.taylor352@university.edu,Lecturer,6
353,John Smith,john.smith353@university.edu,Assistant Professor,15
354,Noor Anderson,noor.anderson354@university.edu,Associate Professor,16
355,David Smith,david.smith355@university.edu,Lecturer,38
356,Omar White,omar.white356@university.edu,Associate Professor,12
357,Emma Brown,emma.brown357@university.edu,Associate Professor,18
358,Michael White,michael.white358@university.edu,Lecturer,5
359,Daniel Brown,daniel.brown359@university.edu,Associate Professor,6
360,John Anderson,john.anderson360@university.edu,Professor,39
361,David White,david.white361@university.edu,Lecturer,37
362,David Jackson,david.jackson362@university.edu,Lecturer,20
363,Alice Brown,alice.brown363@university.edu,Professor,17
364,Daniel Brown,daniel.brown364@university.edu,Professor,8
365,Emma Johnson,emma.johnson365@university.edu,Professor,14
366,Lina Thomas,lina.thomas366@university.edu,Professor,32
367,Lina Taylor,lina.taylor367@university.edu,Lecturer,10
368,Omar Brown,omar.brown368@university.edu,Assistant Professor,21
369,Alice Brown,alice.brown369@university.edu,Lecturer,16
370,John Jackson,john.jackson370@university.edu,Lecturer,15
371,Sara Anderson,sara.anderson371@university.edu,Assistant Professor,34
372,David Jackson,david.jackson372@university.edu,Assistant Professor,4
373,Noor Thomas,noor.thomas373@university.edu,Assistant Professor,38
374,Emma Johnson,emma.johnson374@university.edu,Professor,24
375,Michael Smith,michael.smith375@university.edu,Associate Professor,33
376,Emma Brown,emma.brown376@university.edu,Associate Professor,36
377,Daniel Johnson,daniel.johnson377@university.edu,Professor,22
378,Michael Jackson,michael.jackson378@university.edu,Lecturer,10
379,Alice White,alice.white379@university.edu,Assistant Professor,18
380,Omar Jackson,omar.jackson380@university.edu,Lecturer,23
381,Alice Brown,alice.brown381@university.edu,Associate Professor,29
382,Emma Taylor,emma.taylor382@university.edu,Associate Professor,33
383,Sara Brown,sara.brown383@university.edu,Lecturer,18
384,Noor Johnson,noor.johnson384@university.edu,Assistant Professor,14
385,Noor Johnson,noor.johnson385@university.edu,Lecturer,11
386,Lina White,lina.white386@university.edu,Associate Professor,14
387,John Taylor,john.taylor387@university.edu,Lecturer,17
388,John Smith,john.smith388@university.edu,Assistant Professor,30
389,Sara White,sara.white389@university.edu,Associate Professor,29
390,David Anderson,david.anderson390@university.edu,Professor,12
391,Noor Brown,noor.brown391@university.edu,Professor,26
392,Daniel Taylor,daniel.taylor392@university.edu,Assistant Professor,2
393,Alice Anderson,alice.anderson393@university.edu,Associate Professor,36
394,Sara Brown,sara.brown394@university.edu,Assistant Professor,20
395,Daniel White,daniel.white395@university.edu,Lecturer,33
396,Daniel Thomas,daniel.thomas396@university.edu,Associate Professor,12
397,John Smith,john.smith397@university.edu,Professor,16
398,Alice Jackson,alice.jackson398@university.edu,Lecturer,14
399,Lina Taylor,lina.taylor399@university.edu,Professor,29
400,John White,john.white400@university.edu,Professor,37
401,Michael White,michael.white401@university.edu,Professor,14
402,Daniel Anderson,daniel.anderson402@university.edu,Associate Professor,1
403,Michael Thomas,michael.thomas403@university.edu,Associate Professor,30
404,Noor Thomas,noor.thomas404@university.edu,Lecturer,5
405,Lina Jackson,lina.jackson405@university.edu,Lecturer,11
406,Michael White,michael.white406@university.edu,Lecturer,2
407,Alice Jackson,alice.jackson407@university.edu,Lecturer,33
408,Sara Brown,sara.brown408@university.edu,Associate Professor,26
409,Emma Thomas,emma.thomas409@university.edu,Assistant Professor,5
410,Omar Anderson,omar.anderson410@university.edu,Associate Professor,22
411,Noor Smith,noor.smith411@university.edu,Professor,8
412,Noor Johnson,noor.johnson412@university.edu,Assistant Professor,13
413,Alice Brown,alice.brown413@university.edu,Associate Professor,14
414,Alice Thomas,alice.thomas414@university.edu,Assistant Professor,7
415,Sara Thomas,sara.thomas415@university.edu,Associate Professor,24
416,Michael Thomas,michael.thomas416@university.edu,Assistant Professor,20
417,Michael Taylor,michael.taylor417@university.edu,Associate Professor,35
418,Emma Brown,emma.brown418@university.edu,Professor,6
419,Noor Jackson,noor.jackson419@university.edu,Professor,1
420,Lina Smith,lina.smith420@university.edu,Associate Professor,27
421,David Johnson,david.johnson421@university.edu,Associate Professor,11
422,Lina Jackson,lina.jackson422@university.edu,Professor,4
423,Emma Anderson,emma.anderson423@university.edu,Lecturer,6
424,Emma White,emma.white424@university.edu,Professor,32
425,Sara Johnson,sara.johnson425@university.edu,Associate Professor,8
426,Omar Anderson,omar.anderson426@university.edu,Associate Professor,7
427,Omar Johnson,omar.johnson427@university.edu,Lecturer,40
428,Daniel Taylor,daniel.taylor428@university.edu,Assistant Professor,1
429,Lina White,lina.white429@university.edu,Lecturer,13
430,Michael Smith,michael.smith430@university.edu,Associate Professor,12
431,John Anderson,john.anderson431@university.edu,Professor,40
432,John Taylor,john.taylor432@university.edu,Professor,34
433,Omar Smith,omar.smith433@university.edu,Assistant Professor,13
434,Alice White,alice.white434@university.edu,Associate Professor,4
435,Noor Smith,noor.smith435@university.edu,Assistant Professor,7
436,Emma Jackson,emma.jackson436@university.edu,Assistant Professor,4
437,Michael White,michael.white437@university.edu,Associate Professor,14
438,Omar Brown,omar.brown438@university.edu,Professor,12
439,Lina Anderson,lina.anderson439@university.edu,Associate Professor,32
440,Lina Thomas,lina.thomas440@university.edu,Lecturer,11
441,Omar Jackson,omar.jackson441@university.edu,Associate Professor,1
442,Sara Johnson,sara.johnson442@university.edu,Professor,37
443,Daniel Smith,daniel.smith443@university.edu,Assistant Professor,20
444,John White,john.white444@university.edu,Lecturer,26
445,David Taylor,david.taylor445@university.edu,Lecturer,31
446,Alice Johnson,alice.johnson446@university.edu,Associate Professor,33
447,Lina White,lina.white447@university.edu,Lecturer,17
448,Michael White,michael.white448@university.edu,Professor,38
449,Noor Anderson,noor.anderson449@university.edu,Assistant Professor,16
450,Emma Smith,emma.smith450@university.edu,Assistant Professor,36
451,Omar Johnson,omar.johnson451@university.edu,Associate Professor,6
452,Noor Taylor,noor.taylor452@university.edu,Associate Professor,22
453,Omar Thomas,omar.thomas453@university.edu,Associate Professor,1
454,Omar Jackson,omar.jackson454@university.edu,Professor,36
455,John White,john.white455@university.edu,Assistant Professor,31
456,Michael Anderson,michael.anderson456@university.edu,Associate Professor,4
457,Noor Johnson,noor.johnson457@university.edu,Assistant Professor,8
458,Emma Taylor,emma.taylor458@university.edu,Professor,8
459,Noor Brown,noor.brown459@university.edu,Lecturer,6
460,Noor Brown,noor.brown460@university.edu,Assistant Professor,14
461,Michael Johnson,michael.johnson461@university.edu,Associate Professor,26
462,John Brown,john.brown462@university.edu,Professor,7
463,Sara Anderson,sara.anderson463@university.edu,Assistant Professor,24
464,Alice Anderson,alice.anderson464@university.edu,Lecturer,2
465,Noor Anderson,noor.anderson465@university.edu,Professor,22
466,Daniel Jackson,daniel.jackson466@university.edu,Assistant Professor,29
467,Michael Johnson,michael.johnson467@university.edu,Professor,8
468,Alice Brown,alice.brown468@university.edu,Lecturer,34
469,Omar Taylor,omar.taylor469@university.edu,Professor,3
470,John White,john.white470@university.edu,Lecturer,30
471,Daniel Jackson,daniel.jackson471@university.edu,Associate Professor,12
472,Emma Smith,emma.smith472@university.edu,Associate Professor,15
473,Omar White,omar.white473@university.edu,Lecturer,3
474,John Johnson,john.johnson474@university.edu,Assistant Professor,10
475,Alice Johnson,alice.johnson475@university.edu,Associate Professor,21
476,Emma Johnson,emma.johnson476@university.edu,Professor,16
477,Noor Johnson,noor.johnson477@university.edu,Professor,33
478,Lina Anderson,lina.anderson478@university.edu,Assistant Professor,24
479,Michael White,michael.white479@university.edu,Professor,34
480,Alice Johnson,alice.johnson480@university.edu,Assistant Professor,2
481,Alice Thomas,alice.thomas481@university.edu,Professor,9
482,David Jackson,david.jackson482@university.edu,Associate Professor,18
483,Omar Johnson,omar.johnson483@university.edu,Assistant Professor,35
484,Daniel Taylor,daniel.taylor484@university.edu,Professor,21
485,Noor Smith,noor.smith485@university.edu,Assistant Professor,2
486,Noor Anderson,noor.anderson486@university.edu,Associate Professor,35
487,Noor Smith,noor.smith487@university.edu,Lecturer,27
488,Alice Thomas,alice.thomas488@university.edu,Lecturer,25
489,John Anderson,john.anderson489@university.edu,Lecturer,21
490,David Smith,david.smith490@university.edu,Professor,29
491,Omar White,omar.white491@university.edu,Lecturer,10
492,Omar Taylor,omar.taylor492@university.edu,Lecturer,33
493,Michael Smith,michael.smith493@university.edu,Associate Professor,16
494,Alice Thomas,alice.thomas494@university.edu,Lecturer,8
495,John Smith,john.smith495@university.edu,Associate Professor,34
496,Omar Johnson,omar.johnson496@university.edu,Lecturer,3
497,Omar Anderson,omar.anderson497@university.edu,Professor,7
498,Lina Smith,lina.smith498@university.edu,Associate Professor,18
499,David Taylor,david.taylor499@university.edu,Professor,37
500,David Jackson,david.jackson500@university.edu,Lecturer,14
501,Sara White,sara.white501@university.edu,Associate Professor,21
502,Michael Smith,michael.smith502@university.edu,Lecturer,33
503,Sara Brown,sara.brown503@university.edu,Professor,17
504,Noor Anderson,noor.anderson504@university.edu,Professor,32
505,Alice Smith,alice.smith505@university.edu,Assistant Professor,27
506,Lina Brown,lina.brown506@university.edu,Lecturer,30
507,Emma Anderson,emma.anderson507@university.edu,Lecturer,16
508,Sara Jackson,sara.jackson508@university.edu,Associate Professor,39
509,Sara Thomas,sara.thomas509@university.edu,Assistant Professor,27
510,Alice Taylor,alice.taylor510@university.edu,Professor,39
511,Sara Johnson,sara.johnson511@university.edu,Assistant Professor,21
512,Michael Anderson,michael.anderson512@university.edu,Assistant Professor,36
513,Noor Jackson,noor.jackson513@university.edu,Lecturer,10
514,Omar Thomas,omar.thomas514@university.edu,Associate Professor,5
515,Alice Taylor,alice.taylor515@university.edu,Lecturer,7
516,Sara Smith,sara.smith516@university.edu,Associate Professor,16
517,Lina Thomas,lina.thomas517@university.edu,Lecturer,9
518,Omar Taylor,omar.taylor518@university.edu,Professor,26
519,Emma Brown,emma.brown519@university.edu,Assistant Professor,28
520,Omar Brown,omar.brown520@university.edu,Associate Professor,7
521,Noor Thomas,noor.thomas521@university.edu,Associate Professor,5
522,Omar White,omar.white522@university.edu,Professor,20
523,Lina Brown,lina.brown523@university.edu,Assistant Professor,12
524,Daniel Thomas,daniel.thomas524@university.edu,Assistant Professor,2
525,Michael Brown,michael.brown525@university.edu,Lecturer,8
526,Alice Thomas,alice.thomas526@university.edu,Assistant Professor,4
527,Daniel Brown,daniel.brown527@university.edu,Associate Professor,30
528,Alice White,alice.white528@university.edu,Lecturer,20
529,Noor Smith,noor.smith529@university.edu,Professor,15
530,Alice Brown,alice.brown530@university.edu,Assistant Professor,40
531,Emma Taylor,emma.taylor531@university.edu,Associate Professor,30
532,Omar Johnson,omar.johnson532@university.edu,Lecturer,8
533,Michael Brown,michael.brown533@university.edu,Professor,10
534,Omar Anderson,omar.anderson534@university.edu,Lecturer,32
535,David Brown,david.brown535@university.edu,Lecturer,5
536,Emma Smith,emma.smith536@university.edu,Assistant Professor,5
537,Alice Johnson,alice.johnson537@university.edu,Assistant Professor,18
538,Lina Brown,lina.brown538@university.edu,Associate Professor,7
539,Michael Smith,michael.smith539@university.edu,Professor,24
540,Omar Taylor,omar.taylor540@university.edu,Professor,30
541,Sara Taylor,sara.taylor541@university.edu,Professor,37
542,Daniel White,daniel.white542@university.edu,Lecturer,7
543,Emma Taylor,emma.taylor543@university.edu,Professor,17
544,John Smith,john.smith544@university.edu,Associate Professor,10
545,Michael Brown,michael.brown545@university.edu,Professor,23
546,Omar Johnson,omar.johnson546@university.edu,Assistant Professor,18
547,Omar Jackson,omar.jackson547@university.edu,Professor,6
548,David White,david.white548@university.edu,Assistant Professor,6
549,Daniel Smith,daniel.smith549@university.edu,Assistant Professor,19
550,David White,david.white550@university.edu,Assistant Professor,36
551,Omar Brown,omar.brown551@university.edu,Assistant Professor,14
552,Omar Jackson,omar.jackson552@university.edu,Professor,24
553,John Taylor,john.taylor553@university.edu,Assistant Professor,4
554,Emma Smith,emma.smith554@university.edu,Assistant Professor,2
555,Sara Thomas,sara.thomas555@university.edu,Professor,21
556,Lina Anderson,lina.anderson556@university.edu,Lecturer,2
557,Michael Thomas,michael.thomas557@university.edu,Associate Professor,7
558,David Taylor,david.taylor558@university.edu,Professor,16
559,Alice Johnson,alice.johnson559@university.edu,Associate Professor,32
560,Emma White,emma.white560@university.edu,Assistant Professor,9
561,Daniel Smith,daniel.smith561@university.edu,Professor,36
562,Noor Brown,noor.brown562@university.edu,Associate Professor,21
563,Lina Anderson,lina.anderson563@university.edu,Lecturer,30
564,Daniel Johnson,daniel.johnson564@university.edu,Assistant Professor,31
565,Michael White,michael.white565@university.edu,Associate Professor,4
566,John Anderson,john.anderson566@university.edu,Lecturer,9
567,John Brown,john.brown567@university.edu,Lecturer,26
568,Michael Brown,michael.brown568@university.edu,Associate Professor,6
569,Daniel Johnson,daniel.johnson569@university.edu,Assistant Professor,18
570,David Smith,david.smith570@university.edu,Assistant Professor,6
571,Sara Taylor,sara.taylor571@university.edu,Professor,25
572,Sara Johnson,sara.johnson572@university.edu,Professor,39
573,Noor White,noor.white573@university.edu,Lecturer,30
574,Daniel Anderson,daniel.anderson574@university.edu,Lecturer,32
575,Emma Anderson,emma.anderson575@university.edu,Associate Professor,39
576,Omar Anderson,omar.anderson576@university.edu,Lecturer,25
577,Daniel Brown,daniel.brown577@university.edu,Lecturer,8
578,John Smith,john.smith578@university.edu,Lecturer,13
579,Lina Smith,lina.smith579@university.edu,Professor,34
580,Michael Anderson,michael.anderson580@university.edu,Lecturer,35
581,Omar Johnson,omar.johnson581@university.edu,Associate Professor,6
582,John Thomas,john.thomas582@university.edu,Professor,14
583,Emma White,emma.white583@university.edu,Professor,21
584,John Jackson,john.jackson584@university.edu,Assistant Professor,21
585,John Taylor,john.taylor585@university.edu,Professor,24
586,David Jackson,david.jackson586@university.edu,Lecturer,17
587,Lina Anderson,lina.anderson587@university.edu,Professor,19
588,Daniel Anderson,daniel.anderson588@university.edu,Lecturer,18
589,Noor Brown,noor.brown589@university.edu,Assistant Professor,13
590,John Anderson,john.anderson590@university.edu,Professor,18
591,Omar Jackson,omar.jackson591@university.edu,Associate Professor,29
592,Michael Jackson,michael.jackson592@university.edu,Professor,35
593,Omar Brown,omar.brown593@university.edu,Professor,16
594,Omar Jackson,omar.jackson594@university.edu,Assistant Professor,15
595,Noor Jackson,noor.jackson595@university.edu,Assistant Professor,40
596,David Anderson,david.anderson596@university.edu,Associate Professor,27
597,David Smith,david.smith597@university.edu,Lecturer,18
598,Sara Brown,sara.brown598@university.edu,Lecturer,6
599,Lina Taylor,lina.taylor599@university.edu,Professor,9
600,Sara Brown,sara.brown600@university.edu,Associate Professor,26
601,David Anderson,david.anderson601@university.edu,Lecturer,8
602,Michael Thomas,michael.thomas602@university.edu,Lecturer,7
603,Noor Taylor,noor.taylor603@university.edu,Professor,27
604,Noor Thomas,noor.thomas604@university.edu,Associate Professor,7
605,Lina Smith,lina.smith605@university.edu,Associate Professor,8
606,Daniel Thomas,daniel.thomas606@university.edu,Associate Professor,23
607,Sara Taylor,sara.taylor607@university.edu,Associate Professor,9
608,Emma Brown,emma.brown608@university.edu,Assistant Professor,4
609,David Jackson,david.jackson609@university.edu,Assistant Professor,14
610,Daniel Anderson,daniel.anderson610@university.edu,Lecturer,16
611,John Anderson,john.anderson611@university.edu,Assistant Professor,27
612,Sara Taylor,sara.taylor612@university.edu,Associate Professor,36
613,Omar Anderson,omar.anderson613@university.edu,Professor,39
614,Emma Johnson,emma.johnson614@university.edu,Associate Professor,6
615,Daniel Smith,daniel.smith615@university.edu,Lecturer,5
616,Noor Jackson,noor.jackson616@university.edu,Professor,26
617,Sara Smith,sara.smith617@university.edu,Professor,26
618,Noor White,noor.white618@university.edu,Associate Professor,19
619,John Johnson,john.johnson619@university.edu,Professor,3
620,Omar Johnson,omar.johnson620@university.edu,Lecturer,6
621,Lina Smith,lina.smith621@university.edu,Lecturer,6
622,Daniel Smith,daniel.smith622@university.edu,Associate Professor,13
623,Emma White,emma.white623@university.edu,Associate Professor,5
624,David Smith,david.smith624@university.edu,Associate Professor,12
625,Noor Johnson,noor.johnson625@university.edu,Lecturer,26
626,Alice Taylor,alice.taylor626@university.edu,Assistant Professor,25
627,John Thomas,john.thomas627@university.edu,Professor,32
628,Michael Anderson,michael.anderson628@university.edu,Professor,39
629,Daniel Taylor,daniel.taylor629@university.edu,Assistant Professor,19
630,Emma Jackson,emma.jackson630@university.edu,Associate Professor,20
631,Emma White,emma.white631@university.edu,Assistant Professor,4
632,Emma Anderson,emma.anderson632@university.edu,Associate Professor,22
633,Noor Brown,noor.brown633@university.edu,Associate Professor,37
634,Michael Brown,michael.brown634@university.edu,Assistant Professor,11
635,Noor Taylor,noor.taylor635@university.edu,Lecturer,28
636,Daniel Anderson,daniel.anderson636@university.edu,Assistant Professor,9
637,John Brown,john.brown637@university.edu,Lecturer,34
638,John Johnson,john.johnson638@university.edu,Lecturer,5
639,Lina Anderson,lina.anderson639@university.edu,Lecturer,6
640,Emma Johnson,emma.johnson640@university.edu,Assistant Professor,2
641,Noor Johnson,noor.johnson641@university.edu,Lecturer,23
642,David Taylor,david.taylor642@university.edu,Assistant Professor,12
643,Daniel Taylor,daniel.taylor643@university.edu,Lecturer,17
644,Daniel Brown,daniel.brown644@university.edu,Professor,32
645,Sara Brown,sara.brown645@university.edu,Lecturer,23
646,Michael Johnson,michael.johnson646@university.edu,Associate Professor,34
647,Daniel Anderson,daniel.anderson647@university.edu,Associate Professor,18
648,David Smith,david.smith648@university.edu,Lecturer,16
649,Sara Thomas,sara.thomas649@university.edu,Professor,30
650,Emma Anderson,emma.anderson650@university.edu,Professor,8
651,Michael Johnson,michael.johnson651@university.edu,Professor,4
652,Sara Smith,sara.smith652@university.edu,Professor,4
653,Michael Taylor,michael.taylor653@university.edu,Professor,24
654,John Taylor,john.taylor654@university.edu,Associate Professor,14
655,John Brown,john.brown655@university.edu,Associate Professor,40
656,Noor Johnson,noor.johnson656@university.edu,Assistant Professor,21
657,Noor Jackson,noor.jackson657@university.edu,Lecturer,19
658,Michael Anderson,michael.anderson658@university.edu,Professor,16
659,Alice Johnson,alice.johnson659@university.edu,Lecturer,37
660,Sara Anderson,sara.anderson660@university.edu,Assistant Professor,22
661,Alice Smith,alice.smith661@university.edu,Assistant Professor,7
662,Daniel Anderson,daniel.anderson662@university.edu,Professor,21
663,Alice Johnson,alice.johnson663@university.edu,Lecturer,24
664,Emma Johnson,emma.johnson664@university.edu,Assistant Professor,15
665,Lina Anderson,lina.anderson665@university.edu,Assistant Professor,24
666,Sara Brown,sara.brown666@university.edu,Assistant Professor,29
667,Michael Johnson,michael.johnson667@university.edu,Associate Professor,15
668,Noor Jackson,noor.jackson668@university.edu,Lecturer,28
669,David Brown,david.brown669@university.edu,Professor,32
670,Lina Smith,lina.smith670@university.edu,Lecturer,13
671,Michael Jackson,michael.jackson671@university.edu,Lecturer,14
672,Alice Johnson,alice.johnson672@university.edu,Lecturer,36
673,Daniel White,daniel.white673@university.edu,Associate Professor,21
674,Michael Smith,michael.smith674@university.edu,Assistant Professor,27
675,David Smith,david.smith675@university.edu,Lecturer,33
676,Sara Johnson,sara.johnson676@university.edu,Professor,9
677,John Jackson,john.jackson677@university.edu,Associate Professor,29
678,Noor Anderson,noor.anderson678@university.edu,Lecturer,3
679,Lina Johnson,lina.johnson679@university.edu,Assistant Professor,13
680,Michael Taylor,michael.taylor680@university.edu,Assistant Professor,11
681,Emma White,emma.white681@university.edu,Associate Professor,30
682,Lina Thomas,lina.thomas682@university.edu,Assistant Professor,17
683,Daniel Johnson,daniel.johnson683@university.edu,Assistant Professor,40
684,Omar Anderson,omar.anderson684@university.edu,Associate Professor,11
685,Omar White,omar.white685@university.edu,Associate Professor,32
686,Daniel Taylor,daniel.taylor686@university.edu,Professor,25
687,Alice Jackson,alice.jackson687@university.edu,Associate Professor,38
688,Michael Smith,michael.smith688@university.edu,Lecturer,29
689,Omar White,omar.white689@university.edu,Associate Professor,11
690,John Jackson,john.jackson690@university.edu,Professor,2
691,Noor Brown,noor.brown691@university.edu,Associate Professor,35
692,Emma Jackson,emma.jackson692@university.edu,Associate Professor,11
693,Alice Smith,alice.smith693@university.edu,Assistant Professor,4
694,David Brown,david.brown694@university.edu,Lecturer,34
695,Alice Brown,alice.brown695@university.edu,Assistant Professor,24
696,Noor Johnson,noor.johnson696@university.edu,Assistant Professor,14
697,Emma Smith,emma.smith697@university.edu,Assistant Professor,8
698,David Brown,david.brown698@university.edu,Professor,39
699,Omar Smith,omar.smith699@university.edu,Associate Professor,3
700,Omar Johnson,omar.johnson700@university.edu,Professor,38
701,Noor Smith,noor.smith701@university.edu,Professor,12
702,Emma White,emma.white702@university.edu,Professor,34
703,Lina Smith,lina.smith703@university.edu,Professor,40
704,Noor Smith,noor.smith704@university.edu,Professor,22
705,Alice White,alice.white705@university.edu,Professor,29
706,Omar White,omar.white706@university.edu,Professor,29
707,Omar Johnson,omar.johnson707@university.edu,Professor,31
708,Lina Johnson,lina.johnson708@university.edu,Assistant Professor,25
709,Sara Thomas,sara.thomas709@university.edu,Lecturer,12
710,Michael Brown,michael.brown710@university.edu,Lecturer,19
711,Omar White,omar.white711@university.edu,Assistant Professor,36
712,Noor Anderson,noor.anderson712@university.edu,Professor,26
713,David Brown,david.brown713@university.edu,Lecturer,4
714,John Brown,john.brown714@university.edu,Professor,27
715,Daniel Thomas,daniel.thomas715@university.edu,Assistant Professor,36
716,Alice Thomas,alice.thomas716@university.edu,Assistant Professor,39
717,Omar Brown,omar.brown717@university.edu,Lecturer,23
718,Daniel Brown,daniel.brown718@university.edu,Lecturer,24
719,John Jackson,john.jackson719@university.edu,Assistant Professor,26
720,David Johnson,david.johnson720@university.edu,Professor,34
721,Noor Thomas,noor.thomas721@university.edu,Professor,4
722,David Anderson,david.anderson722@university.edu,Professor,21
723,Alice Smith,alice.smith723@university.edu,Assistant Professor,7
724,Alice Thomas,alice.thomas724@university.edu,Assistant Professor,31
725,John Smith,john.smith725@university.edu,Lecturer,29
726,John Johnson,john.johnson726@university.edu,Associate Professor,26
727,Michael White,michael.white727@university.edu,Assistant Professor,14
728,Noor Johnson,noor.johnson728@university.edu,Professor,16
729,Sara White,sara.white729@university.edu,Assistant Professor,21
730,Omar Johnson,omar.johnson730@university.edu,Assistant Professor,3
731,Emma Taylor,emma.taylor731@university.edu,Lecturer,15
732,Emma Anderson,emma.anderson732@university.edu,Lecturer,10
733,Emma Smith,emma.smith733@university.edu,Associate Professor,24
734,Sara Johnson,sara.johnson734@university.edu,Assistant Professor,26
735,Emma Thomas,emma.thomas735@university.edu,Associate Professor,11
736,Alice Johnson,alice.johnson736@university.edu,Professor,20
737,Daniel Thomas,daniel.thomas737@university.edu,Assistant Professor,32
738,Noor Jackson,noor.jackson738@university.edu,Professor,40
739,David Anderson,david.anderson739@university.edu,Associate Professor,12
740,David Brown,david.brown740@university.edu,Lecturer,28
741,David Johnson,david.johnson741@university.edu,Professor,32
742,Daniel Jackson,daniel.jackson742@university.edu,Lecturer,21
743,David Thomas,david.thomas743@university.edu,Lecturer,15
744,Omar Johnson,omar.johnson744@university.edu,Associate Professor,7
745,Emma Anderson,emma.anderson745@university.edu,Assistant Professor,27
746,Emma Thomas,emma.thomas746@university.edu,Associate Professor,34
747,Lina Thomas,lina.thomas747@university.edu,Associate Professor,15
748,John Taylor,john.taylor748@university.edu,Associate Professor,3
749,Alice Jackson,alice.jackson749@university.edu,Associate Professor,29
750,Daniel Taylor,daniel.taylor750@university.edu,Assistant Professor,24
751,Daniel Jackson,daniel.jackson751@university.edu,Assistant Professor,37
752,John White,john.white752@university.edu,Associate Professor,5
753,Noor Thomas,noor.thomas753@university.edu,Assistant Professor,20
754,Noor Brown,noor.brown754@university.edu,Associate Professor,21
755,Omar Smith,omar.smith755@university.edu,Professor,27
756,Daniel Anderson,daniel.anderson756@university.edu,Assistant Professor,7
757,John White,john.white757@university.edu,Lecturer,5
758,Sara Anderson,sara.anderson758@university.edu,Professor,33
759,Sara Jackson,sara.jackson759@university.edu,Assistant Professor,17
760,David Thomas,david.thomas760@university.edu,Professor,34
761,John Taylor,john.taylor761@university.edu,Professor,19
762,Emma Thomas,emma.thomas762@university.edu,Associate Professor,23
763,Daniel White,daniel.white763@university.edu,Professor,2
764,David Thomas,david.thomas764@university.edu,Professor,23
765,Lina Brown,lina.brown765@university.edu,Lecturer,30
766,John Johnson,john.johnson766@university.edu,Associate Professor,23
767,Emma Smith,emma.smith767@university.edu,Lecturer,5
768,Alice Thomas,alice.thomas768@university.edu,Assistant Professor,18
769,David Johnson,david.johnson769@university.edu,Assistant Professor,35
770,Noor Brown,noor.brown770@university.edu,Lecturer,38
771,Omar Smith,omar.smith771@university.edu,Assistant Professor,5
772,Daniel Johnson,daniel.johnson772@university.edu,Lecturer,38
773,Sara Taylor,sara.taylor773@university.edu,Professor,24
774,Daniel Jackson,daniel.jackson774@university.edu,Assistant Professor,11
775,Emma Johnson,emma.johnson775@university.edu,Assistant Professor,1
776,David Thomas,david.thomas776@university.edu,Lecturer,14
777,John Taylor,john.taylor777@university.edu,Professor,39
778,Noor Anderson,noor.anderson778@university.edu,Assistant Professor,6
779,John Smith,john.smith779@university.edu,Associate Professor,3
780,John Johnson,john.johnson780@university.edu,Lecturer,17
781,Alice Thomas,alice.thomas781@university.edu,Assistant Professor,24
782,John Thomas,john.thomas782@university.edu,Professor,1
783,David White,david.white783@university.edu,Professor,4
784,Emma Taylor,emma.taylor784@university.edu,Lecturer,37
785,Alice Anderson,alice.anderson785@university.edu,Associate Professor,24
786,Lina Thomas,lina.thomas786@university.edu,Assistant Professor,4
787,Daniel Taylor,daniel.taylor787@university.edu,Lecturer,21
788,David Jackson,david.jackson788@university.edu,Lecturer,22
789,Noor Thomas,noor.thomas789@university.edu,Lecturer,21
790,Lina Jackson,lina.jackson790@university.edu,Lecturer,12
791,Omar White,omar.white791@university.edu,Associate Professor,28
792,Sara Smith,sara.smith792@university.edu,Assistant Professor,38
793,John Brown,john.brown793@university.edu,Lecturer,17
794,Michael Smith,michael.smith794@university.edu,Lecturer,13
795,Omar Jackson,omar.jackson795@university.edu,Lecturer,39
796,Emma White,emma.white796@university.edu,Lecturer,40
797,Lina Anderson,lina.anderson797@university.edu,Lecturer,12
798,Daniel Jackson,daniel.jackson798@university.edu,Professor,36
799,Daniel Jackson,daniel.jackson799@university.edu,Professor,7
800,Michael Brown,michael.brown800@university.edu,Lecturer,6
801,Sara Smith,sara.smith801@university.edu,Professor,4
802,Michael Anderson,michael.anderson802@university.edu,Professor,3
803,Emma Smith,emma.smith803@university.edu,Lecturer,15
804,Sara Smith,sara.smith804@university.edu,Professor,2
805,Sara Brown,sara.brown805@university.edu,Lecturer,17
806,Omar Jackson,omar.jackson806@university.edu,Associate Professor,7
807,David Jackson,david.jackson807@university.edu,Lecturer,38
808,Michael Thomas,michael.thomas808@university.edu,Lecturer,20
809,Sara Smith,sara.smith809@university.edu,Assistant Professor,9
810,Sara Jackson,sara.jackson810@university.edu,Assistant Professor,36
811,Alice Johnson,alice.johnson811@university.edu,Professor,11
812,Lina Johnson,lina.johnson812@university.edu,Lecturer,12
813,John Anderson,john.anderson813@university.edu,Associate Professor,24
814,Alice Jackson,alice.jackson814@university.edu,Professor,20
815,Alice Brown,alice.brown815@university.edu,Assistant Professor,27
816,Omar Jackson,omar.jackson816@university.edu,Professor,4
817,John Taylor,john.taylor817@university.edu,Lecturer,28
818,Michael White,michael.white818@university.edu,Professor,12
819,Emma Johnson,emma.johnson819@university.edu,Professor,33
820,Sara Thomas,sara.thomas820@university.edu,Professor,26
821,John Taylor,john.taylor821@university.edu,Professor,9
822,David Jackson,david.jackson822@university.edu,Professor,22
823,Emma Jackson,emma.jackson823@university.edu,Associate Professor,8
824,David Taylor,david.taylor824@university.edu,Associate Professor,26
825,Omar Brown,omar.brown825@university.edu,Lecturer,26
826,Emma Brown,emma.brown826@university.edu,Assistant Professor,6
827,David Jackson,david.jackson827@university.edu,Associate Professor,15
828,Daniel Jackson,daniel.jackson828@university.edu,Lecturer,6
829,Sara Taylor,sara.taylor829@university.edu,Lecturer,6
830,Alice Taylor,alice.taylor830@university.edu,Lecturer,17
831,Michael Smith,michael.smith831@university.edu,Associate Professor,32
832,Daniel Smith,daniel.smith832@university.edu,Assistant Professor,20
833,John Thomas,john.thomas833@university.edu,Lecturer,17
834,Alice Brown,alice.brown834@university.edu,Associate Professor,15
835,Noor Thomas,noor.thomas835@university.edu,Associate Professor,20
836,Michael White,michael.white836@university.edu,Assistant Professor,24
837,Sara Anderson,sara.anderson837@university.edu,Professor,11
838,Alice Johnson,alice.johnson838@university.edu,Lecturer,4
839,David Anderson,david.anderson839@university.edu,Assistant Professor,4
840,John Brown,john.brown840@university.edu,Assistant Professor,38
841,Sara Brown,sara.brown841@university.edu,Lecturer,6
842,Sara White,sara.white842@university.edu,Lecturer,14
843,Sara Smith,sara.smith843@university.edu,Lecturer,38
844,Omar Johnson,omar.johnson844@university.edu,Assistant Professor,6
845,John Johnson,john.johnson845@university.edu,Associate Professor,40
846,Daniel Smith,daniel.smith846@university.edu,Lecturer,35
847,Daniel Smith,daniel.smith847@university.edu,Associate Professor,32
848,Omar White,omar.white848@university.edu,Professor,38
849,Alice Anderson,alice.anderson849@university.edu,Associate Professor,7
850,Daniel Thomas,daniel.thomas850@university.edu,Professor,34
851,Alice Jackson,alice.jackson851@university.edu,Associate Professor,18
852,Daniel Taylor,daniel.taylor852@university.edu,Professor,7
853,Emma Anderson,emma.anderson853@university.edu,Lecturer,34
854,Lina Smith,lina.smith854@university.edu,Assistant Professor,19
855,Daniel Jackson,daniel.jackson855@university.edu,Associate Professor,30
856,David Jackson,david.jackson856@university.edu,Associate Professor,37
857,Emma Johnson,emma.johnson857@university.edu,Assistant Professor,24
858,David Jackson,david.jackson858@university.edu,Professor,29
859,John Johnson,john.johnson859@university.edu,Assistant Professor,7
860,Noor Thomas,noor.thomas860@university.edu,Assistant Professor,18
861,John Anderson,john.anderson861@university.edu,Professor,17
862,Emma Brown,emma.brown862@university.edu,Associate Professor,16
863,Alice Thomas,alice.thomas863@university.edu,Lecturer,10
864,Noor Anderson,noor.anderson864@university.edu,Associate Professor,12
865,Daniel White,daniel.white865@university.edu,Associate Professor,40
866,Michael Anderson,michael.anderson866@university.edu,Professor,26
867,Noor Smith,noor.smith867@university.edu,Professor,22
868,Michael Thomas,michael.thomas868@university.edu,Associate Professor,35
869,David Smith,david.smith869@university.edu,Associate Professor,33
870,Omar Thomas,omar.thomas870@university.edu,Associate Professor,1
871,Sara Smith,sara.smith871@university.edu,Professor,32
872,Noor Anderson,noor.anderson872@university.edu,Lecturer,5
873,Sara Brown,sara.brown873@university.edu,Professor,30
874,Noor Taylor,noor.taylor874@university.edu,Assistant Professor,10
875,Michael Johnson,michael.johnson875@university.edu,Lecturer,1
876,Omar Smith,omar.smith876@university.edu,Assistant Professor,34
877,Emma Jackson,emma.jackson877@university.edu,Lecturer,29
878,Emma Thomas,emma.thomas878@university.edu,Professor,21
879,Sara Taylor,sara.taylor879@university.edu,Assistant Professor,1
880,Lina Thomas,lina.thomas880@university.edu,Associate Professor,22
881,Lina Anderson,lina.anderson881@university.edu,Lecturer,16
882,John Anderson,john.anderson882@university.edu,Lecturer,36
883,Daniel White,daniel.white883@university.edu,Associate Professor,25
884,Lina Anderson,lina.anderson884@university.edu,Professor,30
885,Sara Brown,sara.brown885@university.edu,Associate Professor,39
886,David Johnson,david.johnson886@university.edu,Lecturer,2
887,Sara Anderson,sara.anderson887@university.edu,Assistant Professor,35
888,David White,david.white888@university.edu,Assistant Professor,40
889,Lina Jackson,lina.jackson889@university.edu,Associate Professor,23
890,Sara Anderson,sara.anderson890@university.edu,Assistant Professor,26
891,Noor Thomas,noor.thomas891@university.edu,Associate Professor,39
892,Emma White,emma.white892@university.edu,Professor,21
893,Sara Jackson,sara.jackson893@university.edu,Assistant Professor,22
894,Noor Brown,noor.brown894@university.edu,Lecturer,17
895,Emma Anderson,emma.anderson895@university.edu,Assistant Professor,36
896,Noor Brown,noor.brown896@university.edu,Lecturer,28
897,John White,john.white897@university.edu,Lecturer,4
898,Lina Taylor,lina.taylor898@university.edu,Lecturer,18
899,Noor Jackson,noor.jackson899@university.edu,Lecturer,32
900,Omar White,omar.white900@university.edu,Associate Professor,37
901,Lina Smith,lina.smith901@university.edu,Associate Professor,8
902,John Brown,john.brown902@university.edu,Associate Professor,27
903,Alice Anderson,alice.anderson903@university.edu,Lecturer,9
904,Michael Brown,michael.brown904@university.edu,Associate Professor,22
905,John Smith,john.smith905@university.edu,Professor,23
906,David Jackson,david.jackson906@university.edu,Lecturer,2
907,John Smith,john.smith907@university.edu,Associate Professor,9
908,Michael Anderson,michael.anderson908@university.edu,Professor,18
909,Alice Smith,alice.smith909@university.edu,Assistant Professor,13
910,Alice Anderson,alice.anderson910@university.edu,Associate Professor,19
911,Omar Smith,omar.smith911@university.edu,Professor,18
912,Sara Brown,sara.brown912@university.edu,Professor,26
913,Michael White,michael.white913@university.edu,Associate Professor,32
914,Sara Jackson,sara.jackson914@university.edu,Lecturer,15
915,Omar Brown,omar.brown915@university.edu,Associate Professor,1
916,Alice Smith,alice.smith916@university.edu,Assistant Professor,2
917,John Thomas,john.thomas917@university.edu,Professor,28
918,Sara Jackson,sara.jackson918@university.edu,Associate Professor,1
919,Michael Anderson,michael.anderson919@university.edu,Associate Professor,8
920,Alice Brown,alice.brown920@university.edu,Lecturer,15
921,Daniel White,daniel.white921@university.edu,Lecturer,39
922,Daniel Johnson,daniel.johnson922@university.edu,Professor,15
923,Omar White,omar.white923@university.edu,Professor,27
924,Noor Taylor,noor.taylor924@university.edu,Professor,24
925,Noor Johnson,noor.johnson925@university.edu,Lecturer,17
926,David Jackson,david.jackson926@university.edu,Professor,29
927,Lina Taylor,lina.taylor927@university.edu,Professor,16
928,David Jackson,david.jackson928@university.edu,Lecturer,29
929,John Jackson,john.jackson929@university.edu,Professor,14
930,Emma Brown,emma.brown930@university.edu,Associate Professor,32
931,Alice Brown,alice.brown931@university.edu,Professor,15
932,Lina Anderson,lina.anderson932@university.edu,Lecturer,12
933,John Jackson,john.jackson933@university.edu,Professor,35
934,Noor Thomas,noor.thomas934@university.edu,Associate Professor,7
935,Omar White,omar.white935@university.edu,Associate Professor,28
936,Lina Smith,lina.smith936@university.edu,Assistant Professor,32
937,David Smith,david.smith937@university.edu,Lecturer,9
938,Alice Brown,alice.brown938@university.edu,Assistant Professor,23
939,John Thomas,john.thomas939@university.edu,Lecturer,3
940,Michael Smith,michael.smith940@university.edu,Assistant Professor,3
941,Omar Johnson,omar.johnson941@university.edu,Assistant Professor,29
942,Emma Thomas,emma.thomas942@university.edu,Professor,7
943,Michael Smith,michael.smith943@university.edu,Lecturer,22
944,Omar White,omar.white944@university.edu,Associate Professor,15
945,Michael White,michael.white945@university.edu,Assistant Professor,36
946,Emma Jackson,emma.jackson946@university.edu,Professor,15
947,Alice Thomas,alice.thomas947@university.edu,Assistant Professor,20
948,Emma White,emma.white948@university.edu,Professor,30
949,John Thomas,john.thomas949@university.edu,Associate Professor,31
950,David Jackson,david.jackson950@university.edu,Associate Professor,6
951,Omar Smith,omar.smith951@university.edu,Professor,30
952,Michael Anderson,michael.anderson952@university.edu,Lecturer,32
953,Daniel Brown,daniel.brown953@university.edu,Lecturer,16
954,David Johnson,david.johnson954@university.edu,Professor,21
955,John White,john.white955@university.edu,Professor,5
956,Alice White,alice.white956@university.edu,Associate Professor,22
957,Noor Jackson,noor.jackson957@university.edu,Associate Professor,22
958,Alice Brown,alice.brown958@university.edu,Lecturer,15
959,Omar Taylor,omar.taylor959@university.edu,Lecturer,37
960,David Johnson,david.johnson960@university.edu,Lecturer,9
961,David Smith,david.smith961@university.edu,Lecturer,1
962,Noor Smith,noor.smith962@university.edu,Professor,37
963,Omar Johnson,omar.johnson963@university.edu,Professor,37
964,Noor Smith,noor.smith964@university.edu,Lecturer,13
965,Lina Taylor,lina.taylor965@university.edu,Associate Professor,2
966,David Johnson,david.johnson966@university.edu,Assistant Professor,6
967,Noor White,noor.white967@university.edu,Associate Professor,36
968,Sara Johnson,sara.johnson968@university.edu,Lecturer,34
969,Sara Jackson,sara.jackson969@university.edu,Associate Professor,20
970,Sara Anderson,sara.anderson970@university.edu,Associate Professor,21
971,Noor Johnson,noor.johnson971@university.edu,Professor,28
972,Lina Brown,lina.brown972@university.edu,Assistant Professor,19
973,Omar Smith,omar.smith973@university.edu,Associate Professor,17
974,John White,john.white974@university.edu,Associate Professor,26
975,Michael Thomas,michael.thomas975@university.edu,Associate Professor,14
976,Daniel White,daniel.white976@university.edu,Professor,8
977,Emma Johnson,emma.johnson977@university.edu,Associate Professor,32
978,Sara Brown,sara.brown978@university.edu,Lecturer,15
979,Sara Thomas,sara.thomas979@university.edu,Associate Professor,9
980,John Smith,john.smith980@university.edu,Lecturer,34
981,John Jackson,john.jackson981@university.edu,Assistant Professor,36
982,Emma Taylor,emma.taylor982@university.edu,Professor,34
983,David Johnson,david.johnson983@university.edu,Lecturer,22
984,David Anderson,david.anderson984@university.edu,Lecturer,1
985,Sara Jackson,sara.jackson985@university.edu,Lecturer,15
986,Daniel Johnson,daniel.johnson986@university.edu,Professor,30
987,Noor Thomas,noor.thomas987@university.edu,Assistant Professor,6
988,Emma Johnson,emma.johnson988@university.edu,Assistant Professor,4
989,Michael Smith,michael.smith989@university.edu,Professor,21
990,Emma Smith,emma.smith990@university.edu,Assistant Professor,21
991,Daniel Thomas,daniel.thomas991@university.edu,Lecturer,30
992,Michael White,michael.white992@university.edu,Lecturer,40
993,Omar Anderson,omar.anderson993@university.edu,Lecturer,36
994,Noor Taylor,noor.taylor994@university.edu,Lecturer,33
995,Daniel White,daniel.white995@university.edu,Associate Professor,20
996,Noor Jackson,noor.jackson996@university.edu,Professor,16
997,David Jackson,david.jackson997@university.edu,Lecturer,2
998,Emma White,emma.white998@university.edu,Lecturer,29
999,Lina Anderson,lina.anderson999@university.edu,Professor,29
1000,Noor Jackson,noor.jackson1000@university.edu,Lecturer,28
